case,category,doc_title,precision,recall,n_predicted,n_truth,n_overlap,predicted,truth,overlap
1,apt_rat,Operation Spalax Targeted malware attacks in Colombia,0.6666666666666666,0.13333333333333333,6,30,4,T1027;T1041;T1071.001;T1074.001;T1090;T1095,T1005;T1012;T1016;T1021.001;T1027;T1033;T1041;T1053.005;T1055;T1056.001;T1057;T1059.003;T1070.004;T1082;T1083;T1090;T1095;T1105;T1106;T1112;T1113;T1140;T1204.002;T1218.011;T1518.001;T1547.001;T1548.002;T1562.001;T1566.001;T1573.001,T1027;T1041;T1090;T1095
2,apt_rat,New Horabot campaign targets the Americas,0.8571428571428571,0.24,7,25,6,T1041;T1071.001;T1074.001;T1090;T1204.002;T1219;T1574.002,T1005;T1012;T1027;T1036.005;T1041;T1055;T1056.001;T1059.003;T1070.004;T1071.001;T1074.001;T1078;T1082;T1083;T1090;T1105;T1112;T1113;T1140;T1204.002;T1518.001;T1543.003;T1547.001;T1566.001;T1574.002,T1041;T1071.001;T1074.001;T1090;T1204.002;T1574.002
3,apt_rat,Earth Zhulong Familiar Patterns Target Southeast Asian Firms,0.75,0.42857142857142855,8,14,6,T1027;T1055;T1071.001;T1090;T1105;T1219;T1543.003;T1574.002,T1005;T1027;T1053.005;T1055;T1059.003;T1070.004;T1071.001;T1090;T1105;T1106;T1140;T1204.002;T1484.001;T1574.002,T1027;T1055;T1071.001;T1090;T1105;T1574.002
4,apt_rat,Early Bird Catches the Wormhole Observations from the StellarParticle Campaign,0.7142857142857143,0.35714285714285715,7,14,5,T1003.001;T1021.001;T1036.005;T1071.001;T1219;T1552.001;T1570,T1003.001;T1021.001;T1027;T1033;T1036.005;T1047;T1057;T1070.004;T1071.001;T1078;T1083;T1140;T1564.001;T1570,T1003.001;T1021.001;T1036.005;T1071.001;T1570
5,apt_rat,Malware Spotlight Camaro Dragons TinyNote Backdoor,0.42857142857142855,0.2727272727272727,7,11,3,T1036.005;T1055;T1071.001;T1219;T1543.003;T1547.001;T1562.001,T1033;T1053.005;T1055;T1059.003;T1071.001;T1082;T1105;T1106;T1140;T1562.001;T1574.002,T1055;T1071.001;T1562.001
6,apt_rat,AA22320A Iranian GovernmentSponsored APT Actors Compromise Federal Network Deploy Crypto Miner Credential Harvester,0.42857142857142855,0.3333333333333333,7,9,3,T1027;T1041;T1053.005;T1071.001;T1219;T1543.003;T1570,T1003.001;T1021.001;T1027;T1053.005;T1071.001;T1078;T1090;T1105;T1562.001,T1027;T1053.005;T1071.001
7,apt_rat,LAPSUS Recent techniques tactics and procedures,0.25,0.16666666666666666,4,6,1,T1003.001;T1078;T1083;T1219,T1005;T1021.001;T1070.004;T1078;T1082;T1552.001,T1078
8,backdoor_loader,eSentire Threat Intelligence Malware Analysis BatLoader,1.0,0.20833333333333334,5,24,5,T1016;T1059.003;T1095;T1219;T1547.001,T1005;T1012;T1016;T1027;T1033;T1047;T1053.005;T1055;T1059.003;T1082;T1090;T1095;T1105;T1106;T1112;T1113;T1140;T1218.011;T1219;T1518.001;T1547.001;T1552.001;T1562.001;T1573.001,T1016;T1059.003;T1095;T1219;T1547.001
9,backdoor_loader,3CXDesktopApp Backdoored in a Suspected Lazarus Campaign,0.5,0.6,6,5,3,T1027;T1055;T1071.001;T1112;T1140;T1574.002,T1027;T1083;T1140;T1573.001;T1574.002,T1027;T1140;T1574.002
10,exploit_technique,Understanding DNS attacks Identifying and patching vulnerabilities  Snyk,0.5714285714285714,0.8,7,5,4,T1003.001;T1041;T1056.001;T1071.001;T1074.001;T1078;T1219,T1041;T1056.001;T1071.001;T1078;T1105,T1041;T1056.001;T1071.001;T1078
11,exploit_technique,Hafniuminspired cyberattacks neutralized by AI,0.5,0.5,4,4,2,T1003.001;T1027;T1036.005;T1566.001,T1036.005;T1078;T1110;T1566.001,T1036.005;T1566.001
12,general,Take a NetWalk on the Wild Side,0.42857142857142855,0.2727272727272727,7,11,3,T1055;T1057;T1068;T1082;T1204.002;T1219;T1543.003,T1027;T1055;T1057;T1059.003;T1070.004;T1082;T1105;T1106;T1112;T1140;T1547.001,T1055;T1057;T1082
13,general,SOC Team Essentials  How to Investigate and Track the 8220 Gang Cloud Threat,0.25,0.25,4,4,1,T1003.001;T1027;T1071.001;T1219,T1027;T1105;T1110;T1140,T1027
14,infostealer,EvilExtractor  AllinOne Stealer,0.6666666666666666,0.16666666666666666,3,12,2,T1056.001;T1083;T1113,T1005;T1027;T1036.005;T1055;T1056.001;T1070.004;T1082;T1105;T1113;T1140;T1552.001;T1566.001,T1056.001;T1113
15,infostealer,Not just an infostealer Gopuram backdoor deployed through 3CX supply chain attack,0.5555555555555556,0.45454545454545453,9,11,5,T1041;T1055;T1057;T1074.001;T1082;T1095;T1105;T1219;T1543.003,T1027;T1041;T1055;T1095;T1105;T1106;T1112;T1140;T1518.001;T1543.003;T1574.002,T1041;T1055;T1095;T1105;T1543.003
16,infostealer,Malware Analysis LummaC2 Stealer,0.6,0.3,5,10,3,T1027;T1041;T1071.001;T1083;T1219,T1005;T1027;T1036.005;T1041;T1071.001;T1078;T1082;T1112;T1140;T1566.001,T1027;T1041;T1071.001
17,infostealer,Deja Vu All Over Again Tax Scammers at Large,0.75,0.3,4,10,3,T1003.001;T1056.001;T1113;T1204.002,T1027;T1055;T1056.001;T1059.003;T1105;T1113;T1204.002;T1547.001;T1562.001;T1564.001,T1056.001;T1113;T1204.002
18,infostealer,Detecting Credential Stealing Attacks Through Active InNetwork Defense,0.8,0.6666666666666666,5,6,4,T1003.001;T1053.005;T1055;T1078;T1552.001,T1003.001;T1053.005;T1055;T1078;T1106;T1140,T1003.001;T1053.005;T1055;T1078
19,ransomware,Emotet Strikes Again  LNK File Leads to Domain Wide Ransomware  The DFIR Report,0.625,0.20833333333333334,8,24,5,T1003.001;T1053.005;T1071.001;T1083;T1219;T1547.001;T1552.001;T1570,T1003.001;T1005;T1016;T1021.001;T1027;T1033;T1047;T1055;T1057;T1059.003;T1070.004;T1071.001;T1078;T1082;T1105;T1140;T1204.002;T1218.011;T1219;T1543.003;T1547.001;T1566.001;T1569.002;T1570,T1003.001;T1071.001;T1219;T1547.001;T1570
20,ransomware,LockBit 20 How This RaaS Operates and How to Protect Against It,0.6666666666666666,0.23529411764705882,6,17,4,T1021.001;T1547.001;T1548.002;T1562.001;T1569.002;T1570,T1003.001;T1021.001;T1027;T1053.005;T1059.003;T1068;T1078;T1082;T1105;T1110;T1190;T1210;T1219;T1484.001;T1548.002;T1562.001;T1570,T1021.001;T1548.002;T1562.001;T1570
21,ransomware,Threat Assessment Black Basta Ransomware,0.42857142857142855,0.1875,7,16,3,T1003.001;T1071.001;T1112;T1219;T1547.001;T1552.001;T1570,T1003.001;T1016;T1021.001;T1027;T1059.003;T1070.004;T1082;T1083;T1105;T1112;T1219;T1484.001;T1543.003;T1562.001;T1566.001;T1569.002,T1003.001;T1112;T1219
22,ransomware,Rorschach  A New Sophisticated and Fast Ransomware  Check Point Research,0.42857142857142855,0.2727272727272727,7,11,3,T1053.005;T1055;T1112;T1204.002;T1543.003;T1547.001;T1562.001,T1027;T1053.005;T1055;T1057;T1059.003;T1070.004;T1106;T1140;T1484.001;T1562.001;T1574.002,T1053.005;T1055;T1562.001
23,ransomware,Nefilim Ransomware,1.0,0.2727272727272727,3,11,3,T1003.001;T1021.001;T1190,T1003.001;T1021.001;T1027;T1047;T1059.003;T1078;T1105;T1106;T1110;T1112;T1190,T1003.001;T1021.001;T1190
24,wiper,NotPetya Technical Analysis  A Triple Threat File Encryption MFT Encryption Credential Theft,0.6666666666666666,0.23529411764705882,6,17,4,T1003.001;T1047;T1059.003;T1562.001;T1569.002;T1570,T1003.001;T1016;T1027;T1047;T1053.005;T1056.001;T1057;T1059.003;T1078;T1082;T1083;T1106;T1140;T1210;T1218.011;T1518.001;T1570,T1003.001;T1047;T1059.003;T1570
25,wiper,Fantasy  a new Agrius wiper deployed through a supplychain attack,0.5,0.21428571428571427,6,14,3,T1003.001;T1059.003;T1090;T1218.011;T1552.001;T1569.002,T1003.001;T1027;T1033;T1059.003;T1070.004;T1078;T1082;T1083;T1106;T1112;T1140;T1190;T1218.011;T1570,T1003.001;T1059.003;T1218.011