case_id,sample_id,mode,stage,status,predicted_ttps,gt_tram2,gt_full,P_tram2,R_tram2,F1_tram2,TP,FP,FN,P_full,R_full,F1_full,module_success_rate,avg_quality_10,avg_loc,artifact_valid,artifact_loc,task_fn_count,fallback_rate,cost_usd,total_tokens,out_of_coverage,evaluation_note
case01,1,no_verifier,Data Exfiltration + C2,success,T1005|T1027|T1071.001,T1083|T1027|T1041|T1071.001,T1083|T1560.001|T1041|T1071.001,0.6667,0.5,0.5714,2,1,2,0.3333,0.25,0.2857,1.0,8.6667,49.3,True,195,3,,0,0,no,"T1560.001 is not in the TRAM2 50-technique index, so compression/encoding is evaluated through T1027."
case02,2,no_verifier,Privilege Escalation + Injection,success,T1134.001|T1055,T1055,T1134.001|T1055.001|T1055,0.5,1.0,0.6667,1,1,0,1.0,0.6667,0.8,1.0,8.8333,53.7,True,198,3,,0,0,no,T1134.001 and T1055.001 are outside the TRAM2 50-technique index. The supported parent/general injection behavior is evaluated as T1055.
case03,3,no_verifier,Credential Dumping,success,T1134.001|T1003.001,T1057|T1003.001,T1057|T1003.001,0.5,0.5,0.5,1,1,1,0.5,0.5,0.5,1.0,8.8333,59.3,True,218,3,,0,0,no,Both labels are covered by the TRAM2 50-technique index.
case04,4,no_verifier,Persistence + Registry,success,T1547.001|T1053.005,T1547.001|T1053.005|T1036.005|T1564.001,T1547.001|T1053.005|T1036,1.0,0.5,0.6667,2,0,2,1.0,0.6667,0.8,1.0,9.0,31.0,True,135,3,,0,0,no,"T1036 is not in the TRAM2 index, so masquerading is evaluated through T1036.005. Hidden directory behavior is covered by T1564.001."
case05,5,no_verifier,Network Reconnaissance,success,T1049|T1046|T1016,T1016|T1095,T1049|T1046|T1016,0.3333,0.5,0.4,1,2,1,1.0,1.0,1.0,1.0,9.6667,38.7,True,159,3,,0,0,no,T1049 and T1046 are outside the TRAM2 index. Network configuration is evaluated as T1016; raw TCP socket activity can be approximated as T1095.
case06,6,no_verifier,Keylogging + Screenshot + Exfiltration,success,T1056.001|T1113|T1027|T1041,T1056.001|T1113|T1041|T1071.001,T1056.001|T1113|T1041|T1071.001,0.75,0.75,0.75,3,1,1,0.75,0.75,0.75,1.0,8.7,50.6,True,300,5,,0,0,no,All labels are covered by the TRAM2 50-technique index.
case07,7,no_verifier,DLL Hijacking + Defense Evasion,success,T1574.002|T1140|T1070.004,T1574.002|T1027|T1070.004,T1574.001|T1027|T1070.004,0.6667,0.6667,0.6667,2,1,1,0.3333,0.3333,0.3333,1.0,8.6667,46.0,True,171,3,,0,0,no,T1574.001 is outside the TRAM2 index. The closest supported DLL hijacking-related technique is T1574.002.
case08,8,no_verifier,Lateral Movement + Remote Execution,success,T1087.002|T1135|T1570|T1053.005,T1106|T1053.005,T1087.002|T1135|T1021.002|T1053.005,0.25,0.5,0.3333,1,3,1,0.75,0.75,0.75,1.0,9.75,39.8,True,202,4,,0,0,no,"T1087.002, T1135, and T1021.002 are outside the TRAM2 index. Windows API usage is evaluated through T1106 and remote scheduled task execution through T1053.005."
case09,9,no_verifier,Ransomware Behavior,success,T1083|T1486|T1070.004,T1083|T1486|T1485,T1083|T1486|T1485|T1491,0.6667,0.6667,0.6667,2,1,1,0.6667,0.5,0.5714,1.0,8.375,45.8,True,219,4,,0,0,yes,T1491 is outside the TRAM2 50-technique index and is excluded from the main verifier score.
case10,10,no_verifier,Multi-stage Loader,success,T1105|T1543.003|T1140|T1055,T1105|T1140|T1055|T1543.003,T1105|T1140|T1055|T1543.003,1.0,1.0,1.0,4,0,0,1.0,1.0,1.0,1.0,9.5,46.0,True,193,4,,0,0,no,All labels are covered by the TRAM2 50-technique index.
case11,11,no_verifier,Anti-Analysis + Sandbox Evasion,success,T1012,T1027,T1497.001|T1497.003|T1027.002,0.0,0.0,0.0,0,1,1,0.0,0.0,0.0,1.0,9.0,90.0,True,125,1,,0,0,yes,"The anti-sandbox TTPs are outside the TRAM2 index. This case should be used as an out-of-coverage stress test, not as part of the main verifier score."
case12,12,no_verifier,Token Impersonation + UAC Bypass,success,T1057|T1134.001|T1548.002,T1057|T1548.002|T1078,T1134.002|T1548.002|T1078.003,0.6667,0.6667,0.6667,2,1,1,0.3333,0.3333,0.3333,1.0,9.5,49.7,True,185,3,,0,0,no,"T1134.002 and T1078.003 are outside the TRAM2 index. Process enumeration is evaluated as T1057, UAC bypass as T1548.002, and account abuse generally as T1078."
case13,13,no_verifier,Clipboard Hijacking + Crypto Theft,success,T1115|T1036.005|T1041,T1056.001|T1041,T1115|T1056.001|T1041,0.3333,0.5,0.4,1,2,1,0.6667,0.6667,0.6667,1.0,8.625,44.8,True,225,4,,0,0,no,T1115 is outside the TRAM2 50-technique index. Input capture and exfiltration are evaluated as T1056.001 and T1041.
case14,14,no_verifier,Boot/Logon Persistence via WMI,success,T1027|T1546.003|T1036.005,T1047|T1027|T1036.005,T1546.003|T1059.001|T1036.005,0.6667,0.6667,0.6667,2,1,1,0.6667,0.6667,0.6667,1.0,9.0,36.7,True,146,3,,0,0,no,"T1546.003 and T1059.001 are outside the TRAM2 index. WMI behavior is evaluated as T1047, obfuscation as T1027, and masquerading as T1036.005."
case15,15,no_verifier,Memory-only Execution + Log Tampering,success,T1055|T1070.001,T1055|T1070.004,T1620|T1055.002|T1070.001,0.5,0.5,0.5,1,1,1,0.5,0.3333,0.4,1.0,9.6667,44.0,True,168,3,,0,0,no,"T1620, T1055.002, and T1070.001 are outside the TRAM2 index. The nearest supported labels are T1055 for process injection/memory execution and T1070.004 for artifact deletion/cleanup."
