sample_id,case_id,stage,gt_tram2,pred_with,F1_with,P_with,R_with,pred_no,F1_no,P_no,R_no,delta_F1,verifier_helps,out_of_coverage
1,case01,Data Exfiltration + C2,T1083|T1027|T1041|T1071.001,T1005|T1027|T1564.001|T1071.001|T1041,0.6667,0.6,0.75,T1005|T1071.001,0.3333,0.5,0.25,0.3334,yes,no
2,case02,Privilege Escalation + Injection,T1055,T1134.001|T1055,0.6667,0.5,1.0,T1134.001|T1055,0.6667,0.5,1.0,0.0,tie,no
3,case03,Credential Dumping,T1057|T1003.001,T1134.001|T1003.001|T1552.001,0.4,0.3333,0.5,T1134.001|T1003.001,0.5,0.5,0.5,-0.1,no,no
4,case04,Persistence + Registry,T1547.001|T1053.005|T1036.005|T1564.001,T1547.001|T1543.003|T1053.005,0.5714,0.6667,0.5,T1547.001|T1053.005,0.6667,1.0,0.5,-0.0953,no,no
5,case05,Network Reconnaissance,T1016|T1095,T1016|T1005,0.5,0.5,0.5,T1049|T1046|T1016,0.4,0.3333,0.5,0.1,yes,no
6,case06,Keylogging + Screenshot + Exfiltration,T1056.001|T1113|T1041|T1071.001,T1056.001|T1113|T1027|T1071.001|T1041,0.8889,0.8,1.0,T1056.001|T1113|T1027|T1041,0.75,0.75,0.75,0.1389,yes,no
7,case07,DLL Hijacking + Defense Evasion,T1574.002|T1027|T1070.004,T1574.002|T1027|T1140|T1070.004|T1564.001,0.75,0.6,1.0,T1574.002|T1140|T1070.004,0.6667,0.6667,0.6667,0.0833,yes,no
8,case08,Lateral Movement + Remote Execution,T1106|T1053.005,T1083|T1016|T1105|T1053.005|T1543.003,0.2857,0.2,0.5,T1087.002|T1135|T1570|T1053.005,0.3333,0.25,0.5,-0.0476,no,no
9,case09,Ransomware Behavior,T1083|T1486|T1485|T1491.001,T1083|T1005|T1486|T1204.002|T1070.004|T1491.001,0.6,0.5,0.75,T1083|T1486|T1070.004,0.5714,0.6667,0.5,0.0286,yes,no
10,case10,Multi-stage Loader,T1105|T1140|T1055|T1543.003,T1105|T1543.003|T1140|T1055,1.0,1.0,1.0,T1105|T1543.003|T1140|T1055,1.0,1.0,1.0,0.0,tie,no
11,case11,Anti-Analysis + Sandbox Evasion,T1497.001|T1497.003,T1497.001|T1012,0.5,0.5,0.5,T1012,0.0,0.0,0.0,0.5,yes,no
12,case12,Token Impersonation + UAC Bypass,T1057|T1548.002|T1078,T1057|T1134.001,0.4,0.5,0.3333,T1057|T1134.001,0.4,0.5,0.3333,0.0,tie,no
13,case13,Clipboard Hijacking + Crypto Theft,T1056.001|T1041,T1115|T1036.005|T1041|T1071.001,0.3333,0.25,0.5,T1115|T1036.005|T1005|T1041,0.3333,0.25,0.5,0.0,tie,no
14,case14,Boot/Logon Persistence via WMI,T1047|T1027|T1036.005,T1027|T1546.003|T1036.005,0.6667,0.6667,0.6667,T1027|T1546.003|T1036.005,0.6667,0.6667,0.6667,0.0,tie,no
15,case15,Memory-only Execution + Log Tampering,T1055|T1070.004,T1055|T1562.001|T1204.002,0.4,0.3333,0.5,T1055|T1070.001,0.5,0.5,0.5,-0.1,no,no
